workout_id,workout_date,workout_type,distance,entry_date,entry_time
1,02/01/2015,Gym,1,05/12/2017,23:00:00
2,03/01/2015,Cycle,63,05/12/2017,23:00:00
3,03/01/2015,Yoga,1,05/12/2017,23:00:00
4,04/01/2015,Cycle,39,05/12/2017,23:00:00
5,04/01/2015,Yoga,1,05/12/2017,23:00:00
6,06/01/2015,Gym,1,05/12/2017,23:00:00
7,07/01/2015,Run,11.265408,05/12/2017,23:00:00
8,10/01/2015,Run,12,05/12/2017,23:00:00
9,11/01/2015,Run,5,05/12/2017,23:00:00
10,12/01/2015,Gym,1,05/12/2017,23:00:00
11,15/01/2015,Run,3,05/12/2017,23:00:00
12,17/01/2015,Cycle,40,05/12/2017,23:00:00
13,17/01/2015,Run,6.2,05/12/2017,23:00:00
14,18/01/2015,Gym,1,05/12/2017,23:00:00
15,18/01/2015,Yoga,1,05/12/2017,23:00:00
16,20/01/2015,Gym,1,05/12/2017,23:00:00
17,21/01/2015,Yoga,1,05/12/2017,23:00:00
18,22/01/2015,Run,11.265408,05/12/2017,23:00:00
19,24/01/2015,Gym,1,05/12/2017,23:00:00
20,24/01/2015,Run,11.265408,05/12/2017,23:00:00
21,25/01/2015,Hike,1,05/12/2017,23:00:00
22,25/01/2015,Run,6.4,05/12/2017,23:00:00
23,30/01/2015,Gym,1,05/12/2017,23:00:00
24,31/01/2015,Run,11.265408,05/12/2017,23:00:00
25,05/02/2015,Gym,1,05/12/2017,23:00:00
26,06/02/2015,Gym,1,05/12/2017,23:00:00
27,06/02/2015,Run,6.4,05/12/2017,23:00:00
28,07/02/2015,Yoga,1,05/12/2017,23:00:00
29,08/02/2015,Gym,1,05/12/2017,23:00:00
30,08/02/2015,Hike,1,05/12/2017,23:00:00
31,10/02/2015,Run,6.437376,05/12/2017,23:00:00
32,14/02/2015,Cycle,70,05/12/2017,23:00:00
33,14/02/2015,Gym,1,05/12/2017,23:00:00
34,15/02/2015,Cycle,70,05/12/2017,23:00:00
35,15/02/2015,Run,10,05/12/2017,23:00:00
36,19/02/2015,Run,6.437376,05/12/2017,23:00:00
37,20/02/2015,Gym,1,05/12/2017,23:00:00
38,21/02/2015,Cycle,100,05/12/2017,23:00:00
39,21/02/2015,Run,7,05/12/2017,23:00:00
40,22/02/2015,Gym,1,05/12/2017,23:00:00
41,25/02/2015,Cycle,100,05/12/2017,23:00:00
42,26/02/2015,Cycle,40,05/12/2017,23:00:00
43,27/02/2015,Cycle,80,05/12/2017,23:00:00
44,28/02/2015,Cycle,40,05/12/2017,23:00:00
45,04/03/2015,Run,3.2,05/12/2017,23:00:00
46,05/03/2015,Run,7.4,05/12/2017,23:00:00
47,11/03/2015,Run,6,05/12/2017,23:00:00
48,13/03/2015,Cycle,13,05/12/2017,23:00:00
49,13/03/2015,Gym,1,05/12/2017,23:00:00
50,14/03/2015,Yoga,1,05/12/2017,23:00:00
51,15/03/2015,Cycle,75,05/12/2017,23:00:00
52,21/03/2015,Run,7.4,05/12/2017,23:00:00
53,24/03/2015,Run,7.4,05/12/2017,23:00:00
54,25/03/2015,Run,6.4,05/12/2017,23:00:00
55,26/03/2015,Gym,1,05/12/2017,23:00:00
56,26/03/2015,Run,2,05/12/2017,23:00:00
57,28/03/2015,Cycle,40,05/12/2017,23:00:00
58,29/03/2015,Run,13,05/12/2017,23:00:00
59,02/04/2015,Cycle,223,05/12/2017,23:00:00
60,03/04/2015,Cycle,176,05/12/2017,23:00:00
61,04/04/2015,Cycle,157,05/12/2017,23:00:00
62,05/04/2015,Cycle,160,05/12/2017,23:00:00
63,09/04/2015,Yoga,1,05/12/2017,23:00:00
64,11/04/2015,Run,10,05/12/2017,23:00:00
65,11/04/2015,Yoga,1,05/12/2017,23:00:00
66,12/04/2015,Gym,1,05/12/2017,23:00:00
67,14/04/2015,Run,7,05/12/2017,23:00:00
68,15/04/2015,Yoga,1,05/12/2017,23:00:00
69,17/04/2015,Run,2,05/12/2017,23:00:00
70,17/04/2015,Yoga,1,05/12/2017,23:00:00
71,18/04/2015,Run,2,05/12/2017,23:00:00
72,19/04/2015,Run,16,05/12/2017,23:00:00
73,21/04/2015,Yoga,1,05/12/2017,23:00:00
74,24/04/2015,Gym,1,05/12/2017,23:00:00
75,25/04/2015,Yoga,1,05/12/2017,23:00:00
76,26/04/2015,Gym,1,05/12/2017,23:00:00
77,26/04/2015,Run,7,05/12/2017,23:00:00
78,27/04/2015,Run,7,05/12/2017,23:00:00
79,01/05/2015,Gym,1,05/12/2017,23:00:00
80,01/05/2015,Run,11,05/12/2017,23:00:00
81,02/05/2015,Yoga,1,05/12/2017,23:00:00
82,03/05/2015,Run,11,05/12/2017,23:00:00
83,04/05/2015,Swim,2,05/12/2017,23:00:00
84,05/05/2015,Swim,2,05/12/2017,23:00:00
85,07/05/2015,Swim,2,05/12/2017,23:00:00
86,08/05/2015,Cycle,45,05/12/2017,23:00:00
87,09/05/2015,Run,7,05/12/2017,23:00:00
88,09/05/2015,Swim,1,05/12/2017,23:00:00
89,10/05/2015,Run,7,05/12/2017,23:00:00
90,10/05/2015,Swim,2,05/12/2017,23:00:00
91,13/05/2015,Run,7,05/12/2017,23:00:00
92,16/05/2015,Cycle,90,05/12/2017,23:00:00
93,17/05/2015,Run,7,05/12/2017,23:00:00
94,17/05/2015,Swim,2,05/12/2017,23:00:00
95,21/05/2015,Run,7,05/12/2017,23:00:00
96,23/05/2015,Hike,1,05/12/2017,23:00:00
97,23/05/2015,Yoga,1,05/12/2017,23:00:00
98,25/05/2015,Gym,1,05/12/2017,23:00:00
99,25/05/2015,Run,7,05/12/2017,23:00:00
100,27/05/2015,Run,7,05/12/2017,23:00:00
101,29/05/2015,Run,4,05/12/2017,23:00:00
102,30/05/2015,Run,10,05/12/2017,23:00:00
103,31/05/2015,Gym,1,05/12/2017,23:00:00
104,01/06/2015,Run,6,05/12/2017,23:00:00
105,01/06/2015,Swim,0.5,05/12/2017,23:00:00
106,02/06/2015,Cycle,30,05/12/2017,23:00:00
107,03/06/2015,Cycle,30,05/12/2017,23:00:00
108,04/06/2015,Cycle,30,05/12/2017,23:00:00
109,05/06/2015,Run,6,05/12/2017,23:00:00
110,06/06/2015,Run,10,05/12/2017,23:00:00
111,07/06/2015,Cycle,40,05/12/2017,23:00:00
112,09/06/2015,Run,7,05/12/2017,23:00:00
113,12/06/2015,Run,7,05/12/2017,23:00:00
114,15/06/2015,Run,7,05/12/2017,23:00:00
115,16/06/2015,Gym,1,05/12/2017,23:00:00
116,21/06/2015,Run,5,05/12/2017,23:00:00
117,21/06/2015,Swim,0.75,05/12/2017,23:00:00
118,22/06/2015,Cycle,20,05/12/2017,23:00:00
119,24/06/2015,Run,3.7,05/12/2017,23:00:00
120,27/06/2015,Swim,0.5,05/12/2017,23:00:00
121,29/06/2015,Run,3.6,05/12/2017,23:00:00
122,01/07/2015,Run,6.4,05/12/2017,23:00:00
123,03/07/2015,Swim,2,05/12/2017,23:00:00
124,04/07/2015,Gym,1,05/12/2017,23:00:00
125,05/07/2015,Hike,1,05/12/2017,23:00:00
126,06/07/2015,Run,7,05/12/2017,23:00:00
127,09/07/2015,Run,8.7,05/12/2017,23:00:00
128,09/07/2015,Swim,1,05/12/2017,23:00:00
129,11/07/2015,Run,4.5,05/12/2017,23:00:00
130,13/07/2015,Gym,1,05/12/2017,23:00:00
131,16/07/2015,Gym,1,05/12/2017,23:00:00
132,17/07/2015,Swim,1,05/12/2017,23:00:00
133,18/07/2015,Gym,1,05/12/2017,23:00:00
134,27/07/2015,Yoga,1,05/12/2017,23:00:00
135,28/07/2015,Yoga,1,05/12/2017,23:00:00
136,31/07/2015,Run,8,05/12/2017,23:00:00
137,01/08/2015,Cycle,25,05/12/2017,23:00:00
138,02/08/2015,Cycle,100,05/12/2017,23:00:00
139,07/08/2015,Run,6.8,05/12/2017,23:00:00
140,17/08/2015,Run,10.5,05/12/2017,23:00:00
141,21/08/2015,Gym,1,05/12/2017,23:00:00
142,22/08/2015,Run,10.5,05/12/2017,23:00:00
143,25/08/2015,Gym,1,05/12/2017,23:00:00
144,26/08/2015,Gym,1,05/12/2017,23:00:00
145,27/08/2015,Yoga,1,05/12/2017,23:00:00
146,28/08/2015,Run,1,05/12/2017,23:00:00
147,29/08/2015,Yoga,1,05/12/2017,23:00:00
148,30/08/2015,Gym,1,05/12/2017,23:00:00
149,31/08/2015,Cycle,100,05/12/2017,23:00:00
150,02/09/2015,Yoga,1,05/12/2017,23:00:00
151,03/09/2015,Run,3.6,05/12/2017,23:00:00
152,05/09/2015,Cycle,145,05/12/2017,23:00:00
153,11/09/2015,Run,11,05/12/2017,23:00:00
154,14/09/2015,Gym,1,05/12/2017,23:00:00
155,15/09/2015,Gym,1,05/12/2017,23:00:00
156,16/09/2015,Yoga,1,05/12/2017,23:00:00
157,18/09/2015,Gym,1,05/12/2017,23:00:00
158,19/09/2015,Run,7,05/12/2017,23:00:00
159,20/09/2015,Gym,1,05/12/2017,23:00:00
160,25/09/2015,Gym,1,05/12/2017,23:00:00
161,26/09/2015,Cycle,20,05/12/2017,23:00:00
162,27/09/2015,Hike,1,05/12/2017,23:00:00
163,30/09/2015,Hike,1,05/12/2017,23:00:00
164,01/10/2015,Gym,1,05/12/2017,23:00:00
165,02/10/2015,Run,3,05/12/2017,23:00:00
166,03/10/2015,Gym,1,05/12/2017,23:00:00
167,04/10/2015,Hike,1,05/12/2017,23:00:00
168,06/10/2015,Run,3,05/12/2017,23:00:00
169,07/10/2015,Gym,1,05/12/2017,23:00:00
170,08/10/2015,Run,7,05/12/2017,23:00:00
171,09/10/2015,Run,10,05/12/2017,23:00:00
172,10/10/2015,Run,10,05/12/2017,23:00:00
173,11/10/2015,Gym,1,05/12/2017,23:00:00
174,13/10/2015,Gym,1,05/12/2017,23:00:00
175,14/10/2015,Gym,1,05/12/2017,23:00:00
176,16/10/2015,Run,7,05/12/2017,23:00:00
177,17/10/2015,Gym,1,05/12/2017,23:00:00
178,20/10/2015,Run,7,05/12/2017,23:00:00
179,21/10/2015,Gym,1,05/12/2017,23:00:00
180,23/10/2015,Run,7,05/12/2017,23:00:00
181,24/10/2015,Gym,1,05/12/2017,23:00:00
182,26/10/2015,Run,7,05/12/2017,23:00:00
183,28/10/2015,Run,7,05/12/2017,23:00:00
184,30/10/2015,Gym,1,05/12/2017,23:00:00
185,31/10/2015,Run,7,05/12/2017,23:00:00
186,31/10/2015,Yoga,1,05/12/2017,23:00:00
187,01/11/2015,Run,11,05/12/2017,23:00:00
188,04/11/2015,Run,8,05/12/2017,23:00:00
189,06/11/2015,Run,11,05/12/2017,23:00:00
190,09/11/2015,Run,11,05/12/2017,23:00:00
191,10/11/2015,Run,8,05/12/2017,23:00:00
192,13/11/2015,Gym,1,05/12/2017,23:00:00
193,14/11/2015,Yoga,1,05/12/2017,23:00:00
194,15/11/2015,Run,11,05/12/2017,23:00:00
195,20/11/2015,Run,11,05/12/2017,23:00:00
196,21/11/2015,Gym,1,05/12/2017,23:00:00
197,22/11/2015,Run,8,05/12/2017,23:00:00
198,25/11/2015,Run,11,05/12/2017,23:00:00
199,28/11/2015,Cycle,40,05/12/2017,23:00:00
200,29/11/2015,Run,10,05/12/2017,23:00:00
201,30/11/2015,Run,11,05/12/2017,23:00:00
202,04/12/2015,Gym,1,05/12/2017,23:00:00
203,05/12/2015,Run,11,05/12/2017,23:00:00
204,06/12/2015,Run,11,05/12/2017,23:00:00
205,06/12/2015,Yoga,1,05/12/2017,23:00:00
206,08/12/2015,Run,8,05/12/2017,23:00:00
207,11/12/2015,Yoga,1,05/12/2017,23:00:00
208,12/12/2015,Run,7,05/12/2017,23:00:00
209,14/12/2015,Run,11,05/12/2017,23:00:00
210,17/12/2015,Run,7,05/12/2017,23:00:00
211,19/12/2015,Run,8,05/12/2017,23:00:00
212,22/12/2015,Run,12,05/12/2017,23:00:00
213,23/12/2015,Run,12,05/12/2017,23:00:00
214,24/12/2015,Run,12,05/12/2017,23:00:00
215,25/12/2015,Run,6,05/12/2017,23:00:00
216,26/12/2015,Run,12,05/12/2017,23:00:00
217,02/01/2016,Run,11,05/12/2017,23:00:00
218,02/01/2016,Run,11,05/12/2017,23:00:00
219,03/01/2016,Gym,1,05/12/2017,23:00:00
220,03/01/2016,Yoga,1,05/12/2017,23:00:00
221,04/01/2016,Yoga,1,05/12/2017,23:00:00
222,05/01/2016,Run,7,05/12/2017,23:00:00
223,06/01/2016,Yoga,1,05/12/2017,23:00:00
224,07/01/2016,Run,7,05/12/2017,23:00:00
225,08/01/2016,Gym,1,05/12/2017,23:00:00
226,09/01/2016,Run,7,05/12/2017,23:00:00
227,10/01/2016,Run,10,05/12/2017,23:00:00
228,10/01/2016,Swim,1.5,05/12/2017,23:00:00
229,11/01/2016,Swim,1.5,05/12/2017,23:00:00
230,12/01/2016,Run,7,05/12/2017,23:00:00
231,13/01/2016,Yoga,1,05/12/2017,23:00:00
232,15/01/2016,Run,6,05/12/2017,23:00:00
233,16/01/2016,Run,11,05/12/2017,23:00:00
234,17/01/2016,Swim,2,05/12/2017,23:00:00
235,18/01/2016,Swim ,2,05/12/2017,23:00:00
236,20/01/2016,Swim,2,05/12/2017,23:00:00
237,22/01/2016,Run,10,05/12/2017,23:00:00
238,23/01/2016,Swim,2.2,05/12/2017,23:00:00
239,24/01/2016,Swim,0.8,05/12/2017,23:00:00
240,25/01/2016,Swim,2,05/12/2017,23:00:00
241,29/01/2016,Run,7,05/12/2017,23:00:00
242,30/01/2016,Swim,2,05/12/2017,23:00:00
243,31/01/2016,Swim,2,05/12/2017,23:00:00
244,03/02/2016,Swim,2,05/12/2017,23:00:00
245,05/02/2016,Swim,1,05/12/2017,23:00:00
246,06/02/2016,Run,10,05/12/2017,23:00:00
247,06/02/2016,Swim,2,05/12/2017,23:00:00
248,07/02/2016,Run,10,05/12/2017,23:00:00
249,10/02/2016,Run,7,05/12/2017,23:00:00
250,11/02/2016,Gym,1,05/12/2017,23:00:00
251,12/02/2016,Run,10,05/12/2017,23:00:00
252,13/02/2016,Swim,2,05/12/2017,23:00:00
253,14/02/2016,Run,8,05/12/2017,23:00:00
254,17/02/2016,Run,7,05/12/2017,23:00:00
255,19/02/2016,Swim,1,05/12/2017,23:00:00
256,27/02/2016,Run,10,05/12/2017,23:00:00
257,28/02/2016,Swim,2,05/12/2017,23:00:00
258,02/03/2016,Run,5,05/12/2017,23:00:00
259,04/03/2016,Swim,2,05/12/2017,23:00:00
260,05/03/2016,Run,10,05/12/2017,23:00:00
261,06/03/2016,Swim,2,05/12/2017,23:00:00
262,09/03/2016,Run,6,05/12/2017,23:00:00
263,10/03/2016,Swim,1,05/12/2017,23:00:00
264,12/03/2016,Swim,2,05/12/2017,23:00:00
265,13/03/2016,Swim,2,05/12/2017,23:00:00
266,15/03/2016,Swim,1,05/12/2017,23:00:00
267,16/03/2016,Swim,2,05/12/2017,23:00:00
268,17/03/2016,Run,6,05/12/2017,23:00:00
269,18/03/2016,Swim,2,05/12/2017,23:00:00
270,19/03/2016,Run,16,05/12/2017,23:00:00
271,20/03/2016,Swim,1,05/12/2017,23:00:00
272,24/03/2016,Gym,1,05/12/2017,23:00:00
273,25/03/2016,Run,10,05/12/2017,23:00:00
274,27/03/2016,Run,7,05/12/2017,23:00:00
275,28/03/2016,Hike,1,05/12/2017,23:00:00
276,31/03/2016,Run,7,05/12/2017,23:00:00
277,01/04/2016,Swim,1,05/12/2017,23:00:00
278,02/04/2016,Run,16,05/12/2017,23:00:00
279,04/04/2016,Run,11,05/12/2017,23:00:00
280,05/04/2016,Run,11,05/12/2017,23:00:00
281,07/04/2016,Run,4,05/12/2017,23:00:00
282,08/04/2016,Swim,2,05/12/2017,23:00:00
283,09/04/2016,Hike,1,05/12/2017,23:00:00
284,10/04/2016,Run,21,05/12/2017,23:00:00
285,10/04/2016,Swim,2,05/12/2017,23:00:00
286,13/04/2016,Cycle,25,05/12/2017,23:00:00
287,14/04/2016,Cycle,25,05/12/2017,23:00:00
288,15/04/2016,Swim,2,05/12/2017,23:00:00
289,16/04/2016,Cycle,75,05/12/2017,23:00:00
290,16/04/2016,Run,10,05/12/2017,23:00:00
291,17/04/2016,Swim,2,05/12/2017,23:00:00
292,20/04/2016,Cycle,45,05/12/2017,23:00:00
293,22/04/2016,Run,10,05/12/2017,23:00:00
294,24/04/2016,Cycle,50,05/12/2017,23:00:00
295,24/04/2016,Run,21,05/12/2017,23:00:00
296,28/04/2016,Run,9,05/12/2017,23:00:00
297,29/04/2016,Swim,2,05/12/2017,23:00:00
298,30/04/2016,Run,12,05/12/2017,23:00:00
299,01/05/2016,Swim,2,05/12/2017,23:00:00
300,02/05/2016,Cycle,55,05/12/2017,23:00:00
301,06/05/2016,Run,7,05/12/2017,23:00:00
302,07/05/2016,Cycle,40,05/12/2017,23:00:00
303,08/05/2016,Run,10,05/12/2017,23:00:00
304,08/05/2016,Swim,1.5,05/12/2017,23:00:00
305,12/05/2016,Swim,1.5,05/12/2017,23:00:00
306,13/05/2016,Run,11,05/12/2017,23:00:00
307,14/05/2016,Run,8,05/12/2017,23:00:00
308,21/05/2016,Cycle,100,05/12/2017,23:00:00
309,22/05/2016,Run,21,05/12/2017,23:00:00
310,22/05/2016,Swim,2,05/12/2017,23:00:00
311,26/05/2016,Run,10,05/12/2017,23:00:00
312,27/05/2016,Gym,1,05/12/2017,23:00:00
313,29/05/2016,Hike,1,05/12/2017,23:00:00
314,01/06/2016,Swim,1.5,05/12/2017,23:00:00
315,03/06/2016,Run,10,05/12/2017,23:00:00
316,06/06/2016,Run,7,05/12/2017,23:00:00
317,07/06/2016,Run,4,05/12/2017,23:00:00
318,08/06/2016,Swim,1,05/12/2017,23:00:00
319,09/06/2016,Gym,1,05/12/2017,23:00:00
320,10/06/2016,Run,7,05/12/2017,23:00:00
321,11/06/2016,Run,4,05/12/2017,23:00:00
322,12/06/2016,Run,10,05/12/2017,23:00:00
323,13/06/2016,Gym,1,05/12/2017,23:00:00
324,14/06/2016,Gym,1,05/12/2017,23:00:00
325,15/06/2016,Run,9,05/12/2017,23:00:00
326,16/06/2016,Swim,1.5,05/12/2017,23:00:00
327,17/06/2016,Cycle,80,05/12/2017,23:00:00
328,17/06/2016,Swim,0.5,05/12/2017,23:00:00
329,18/06/2016,Cycle,42,05/12/2017,23:00:00
330,18/06/2016,Swim,0.5,05/12/2017,23:00:00
331,19/06/2016,Cycle,25,05/12/2017,23:00:00
332,19/06/2016,Swim,2,05/12/2017,23:00:00
333,20/06/2016,Gym,1,05/12/2017,23:00:00
334,21/06/2016,Run,7,05/12/2017,23:00:00
335,24/06/2016,Run,7,05/12/2017,23:00:00
336,25/06/2016,Swim,2,05/12/2017,23:00:00
337,26/06/2016,Run,12,05/12/2017,23:00:00
338,30/06/2016,Gym,1,05/12/2017,23:00:00
339,01/07/2016,Gym,1,05/12/2017,23:00:00
340,02/07/2016,Swim,2,05/12/2017,23:00:00
341,03/07/2016,Run,5,05/12/2017,23:00:00
342,04/07/2016,Gym,1,05/12/2017,23:00:00
343,08/07/2016,Cycle,30,05/12/2017,23:00:00
344,08/07/2016,Swim,2,05/12/2017,23:00:00
345,09/07/2016,Cycle,100,05/12/2017,23:00:00
346,10/07/2016,Gym,1,05/12/2017,23:00:00
347,10/07/2016,Run,5,05/12/2017,23:00:00
348,15/07/2016,Swim,1.5,05/12/2017,23:00:00
349,16/07/2016,Cycle,87,05/12/2017,23:00:00
350,16/07/2016,Run,10,05/12/2017,23:00:00
351,17/07/2016,Yoga,1,05/12/2017,23:00:00
352,20/07/2016,Swim,2,05/12/2017,23:00:00
353,22/07/2016,Swim,2,05/12/2017,23:00:00
354,23/07/2016,Run,18,05/12/2017,23:00:00
355,24/07/2016,Swim,2,05/12/2017,23:00:00
356,28/07/2016,Swim,0.5,05/12/2017,23:00:00
357,29/07/2016,Swim,1.5,05/12/2017,23:00:00
358,02/08/2016,Swim,1,05/12/2017,23:00:00
359,04/08/2016,Gym,1,05/12/2017,23:00:00
360,05/08/2016,Swim,3,05/12/2017,23:00:00
361,06/08/2016,Run,13,05/12/2017,23:00:00
362,07/08/2016,Run,12,05/12/2017,23:00:00
363,07/08/2016,Swim,2,05/12/2017,23:00:00
364,08/08/2016,Swim,2,05/12/2017,23:00:00
365,09/08/2016,Gym,1,05/12/2017,23:00:00
366,10/08/2016,Swim,0.5,05/12/2017,23:00:00
367,11/08/2016,Gym,1,05/12/2017,23:00:00
368,12/08/2016,Run,10,05/12/2017,23:00:00
369,13/08/2016,Gym,1,05/12/2017,23:00:00
370,14/08/2016,Run,5,05/12/2017,23:00:00
371,18/08/2016,Run,5,05/12/2017,23:00:00
372,19/08/2016,Run,11,05/12/2017,23:00:00
373,20/08/2016,Swim,1.5,05/12/2017,23:00:00
374,21/08/2016,Run,22,05/12/2017,23:00:00
375,23/08/2016,Run,7,05/12/2017,23:00:00
376,24/08/2016,Swim,1.5,05/12/2017,23:00:00
377,26/08/2016,Run,6,05/12/2017,23:00:00
378,27/08/2016,Swim,1.5,05/12/2017,23:00:00
379,28/08/2016,Run,8,05/12/2017,23:00:00
380,29/08/2016,Gym,1,05/12/2017,23:00:00
381,02/09/2016,Run,8,05/12/2017,23:00:00
382,03/09/2016,Gym,1,05/12/2017,23:00:00
383,04/09/2016,Run,28,05/12/2017,23:00:00
384,09/09/2016,Climb,1,05/12/2017,23:00:00
385,10/09/2016,Run,25,05/12/2017,23:00:00
386,11/09/2016,Gym,1,05/12/2017,23:00:00
387,11/09/2016,Run,8,05/12/2017,23:00:00
388,16/09/2016,Gym,1,05/12/2017,23:00:00
389,16/09/2016,Run,4,05/12/2017,23:00:00
390,17/09/2016,Run,33,05/12/2017,23:00:00
391,20/09/2016,Run,5,05/12/2017,23:00:00
392,22/09/2016,Run,8,05/12/2017,23:00:00
393,26/09/2016,Run,9,05/12/2017,23:00:00
394,27/09/2016,Run,11,05/12/2017,23:00:00
395,30/09/2016,Gym,1,05/12/2017,23:00:00
396,02/10/2016,Run,21,05/12/2017,23:00:00
397,05/10/2016,Run,6,05/12/2017,23:00:00
398,07/10/2016,Swim,1.5,05/12/2017,23:00:00
399,08/10/2016,Run,21,05/12/2017,23:00:00
400,09/10/2016,Run,22,05/12/2017,23:00:00
401,10/10/2016,Run,12,05/12/2017,23:00:00
402,11/10/2016,Gym,1,05/12/2017,23:00:00
403,12/10/2016,Run,11,05/12/2017,23:00:00
404,13/10/2016,Run,6,05/12/2017,23:00:00
405,15/10/2016,Run,22,05/12/2017,23:00:00
406,19/10/2016,Run,10,05/12/2017,23:00:00
407,20/10/2016,Run,14,05/12/2017,23:00:00
408,21/10/2016,Run,7,05/12/2017,23:00:00
409,23/10/2016,Swim,1,05/12/2017,23:00:00
410,25/10/2016,Run,10,05/12/2017,23:00:00
411,26/10/2016,Run,6,05/12/2017,23:00:00
412,29/10/2016,Run,4,05/12/2017,23:00:00
413,30/10/2016,Run,42,05/12/2017,23:00:00
414,05/11/2016,Run,17,05/12/2017,23:00:00
415,05/11/2016,Yoga,1,05/12/2017,23:00:00
416,06/11/2016,Run,11,05/12/2017,23:00:00
417,12/11/2016,Run,38,05/12/2017,23:00:00
418,15/11/2016,Run,5,05/12/2017,23:00:00
419,19/11/2016,Run,12,05/12/2017,23:00:00
420,20/11/2016,Run,10,05/12/2017,23:00:00
421,23/11/2016,Swim,1.5,05/12/2017,23:00:00
422,26/11/2016,Run,14,05/12/2017,23:00:00
423,26/11/2016,Swim,1.5,05/12/2017,23:00:00
424,27/11/2016,Run,22,05/12/2017,23:00:00
425,03/12/2016,Run,82,05/12/2017,23:00:00
426,09/12/2016,Run,6,05/12/2017,23:00:00
427,11/12/2016,Run,11,05/12/2017,23:00:00
428,16/12/2016,Swim,1.5,05/12/2017,23:00:00
429,17/12/2016,Run,11,05/12/2017,23:00:00
430,18/12/2016,Run,10,05/12/2017,23:00:00
431,19/12/2016,Run,7,05/12/2017,23:00:00
432,21/12/2016,Gym,1,05/12/2017,23:00:00
433,24/12/2016,Run,17,05/12/2017,23:00:00
434,25/12/2016,Run,10,05/12/2017,23:00:00
435,26/12/2016,Run,7,05/12/2017,23:00:00
436,02/01/2017,Run,15,05/12/2017,23:00:00
437,04/01/2017,Run,14,05/12/2017,23:00:00
438,12/01/2017,Run,15,05/12/2017,23:00:00
439,16/01/2017,Run,18,05/12/2017,23:00:00
440,18/01/2017,Run,14,05/12/2017,23:00:00
441,20/01/2017,Spin,1,05/12/2017,23:00:00
442,21/01/2017,Run,10,05/12/2017,23:00:00
443,22/01/2017,Run,14,05/12/2017,23:00:00
444,23/01/2017,Climb,1,05/12/2017,23:00:00
445,23/01/2017,Run,5,05/12/2017,23:00:00
446,24/01/2017,Yoga,1,05/12/2017,23:00:00
447,26/01/2017,Run,10,05/12/2017,23:00:00
448,27/01/2017,Gym,1,05/12/2017,23:00:00
449,28/01/2017,Run,10,05/12/2017,23:00:00
450,29/01/2017,Yoga,1,05/12/2017,23:00:00
451,30/01/2017,Yoga,1,05/12/2017,23:00:00
452,31/01/2017,Spin,1,05/12/2017,23:00:00
453,01/02/2017,Gym,1,05/12/2017,23:00:00
454,04/02/2017,Run,56,05/12/2017,23:00:00
455,06/02/2017,Yoga,1,05/12/2017,23:00:00
456,08/02/2017,Yoga,1,05/12/2017,23:00:00
457,09/02/2017,Yoga,1,05/12/2017,23:00:00
458,10/02/2017,Run,14,05/12/2017,23:00:00
459,11/02/2017,Swim,0.5,05/12/2017,23:00:00
460,12/02/2017,Yoga,1,05/12/2017,23:00:00
461,19/02/2017,Run,10,05/12/2017,23:00:00
462,23/02/2017,Gym,1,05/12/2017,23:00:00
463,24/02/2017,Run,5,05/12/2017,23:00:00
464,26/02/2017,Spin,1,05/12/2017,23:00:00
465,26/02/2017,Yoga,1,05/12/2017,23:00:00
466,27/02/2017,Spin,1,05/12/2017,23:00:00
467,01/03/2017,Spin,1,05/12/2017,23:00:00
468,04/03/2017,Gym,1,05/12/2017,23:00:00
469,10/03/2017,Gym,1,05/12/2017,23:00:00
470,12/03/2017,Gym,1,05/12/2017,23:00:00
471,14/03/2017,Run,5,05/12/2017,23:00:00
472,16/03/2017,Spin,1,05/12/2017,23:00:00
473,18/03/2017,Run,11,05/12/2017,23:00:00
474,18/03/2017,Swim,2,05/12/2017,23:00:00
475,19/03/2017,Cycle,90,05/12/2017,23:00:00
476,19/03/2017,Run,10,05/12/2017,23:00:00
477,20/03/2017,Cycle,40,05/12/2017,23:00:00
478,20/03/2017,Run,10,05/12/2017,23:00:00
479,21/03/2017,Cycle,30,05/12/2017,23:00:00
480,22/03/2017,Run,10,05/12/2017,23:00:00
481,22/03/2017,Swim,1.5,05/12/2017,23:00:00
482,23/03/2017,Run,12,05/12/2017,23:00:00
483,24/03/2017,Swim,1.5,05/12/2017,23:00:00
484,25/03/2017,Run,10,05/12/2017,23:00:00
485,26/03/2017,Run,10,05/12/2017,23:00:00
486,28/03/2017,Gym,1,05/12/2017,23:00:00
487,31/03/2017,Gym,1,05/12/2017,23:00:00
488,01/04/2017,Run,10,05/12/2017,23:00:00
489,04/04/2017,Gym,1,05/12/2017,23:00:00
490,06/04/2017,Gym,1,05/12/2017,23:00:00
491,08/04/2017,Run,20,05/12/2017,23:00:00
492,09/04/2017,Run,10,05/12/2017,23:00:00
493,10/04/2017,Run,10,05/12/2017,23:00:00
494,11/04/2017,Gym,1,05/12/2017,23:00:00
495,14/04/2017,Run,52,05/12/2017,23:00:00
496,16/04/2017,Run,15,05/12/2017,23:00:00
497,17/04/2017,Run,10,05/12/2017,23:00:00
498,19/04/2017,Gym,1,05/12/2017,23:00:00
499,21/04/2017,Gym,1,05/12/2017,23:00:00
500,23/04/2017,Run,10,05/12/2017,23:00:00
501,24/04/2017,Gym,1,05/12/2017,23:00:00
502,27/04/2017,Run,10,05/12/2017,23:00:00
503,28/04/2017,Run,5,05/12/2017,23:00:00
504,01/05/2017,Run,20,05/12/2017,23:00:00
505,03/05/2017,Gym,1,05/12/2017,23:00:00
506,05/05/2017,Gym,1,05/12/2017,23:00:00
507,07/05/2017,Run,34,05/12/2017,23:00:00
508,09/05/2017,Gym,1,05/12/2017,23:00:00
509,11/05/2017,Gym,1,05/12/2017,23:00:00
510,12/05/2017,Run,10,05/12/2017,23:00:00
511,14/05/2017,Run,10,05/12/2017,23:00:00
512,16/05/2017,Gym,1,05/12/2017,23:00:00
513,19/05/2017,Gym,1,05/12/2017,23:00:00
514,20/05/2017,Run,14,05/12/2017,23:00:00
515,21/05/2017,Run,10,05/12/2017,23:00:00
516,25/05/2017,Run,5,05/12/2017,23:00:00
517,26/05/2017,Run,65,05/12/2017,23:00:00
518,30/05/2017,Run,9,05/12/2017,23:00:00
519,01/06/2017,Run,4,05/12/2017,23:00:00
520,02/06/2017,Run,8,05/12/2017,23:00:00
521,05/06/2017,Run,7,05/12/2017,23:00:00
522,06/06/2017,Gym,1,05/12/2017,23:00:00
523,09/06/2017,Gym,1,05/12/2017,23:00:00
524,11/06/2017,Run,34,05/12/2017,23:00:00
525,14/06/2017,Gym,1,05/12/2017,23:00:00
526,16/06/2017,Run,4,05/12/2017,23:00:00
527,17/06/2017,Run,44,05/12/2017,23:00:00
528,19/06/2017,Swim,1,05/12/2017,23:00:00
529,20/06/2017,Run,5,05/12/2017,23:00:00
530,23/06/2017,Run,11,05/12/2017,23:00:00
531,25/06/2017,Run,5,05/12/2017,23:00:00
532,26/06/2017,Run,14,05/12/2017,23:00:00
533,27/06/2017,Gym,1,05/12/2017,23:00:00
534,29/06/2017,Gym,1,05/12/2017,23:00:00
535,30/06/2017,Run,21,05/12/2017,23:00:00
536,01/07/2017,Run,33,05/12/2017,23:00:00
537,05/07/2017,Run,15,05/12/2017,23:00:00
538,07/07/2017,Run,12,05/12/2017,23:00:00
539,08/07/2017,Run,6,05/12/2017,23:00:00
540,09/07/2017,Run,10,05/12/2017,23:00:00
541,10/07/2017,Run,10,05/12/2017,23:00:00
542,13/07/2017,Run,50,05/12/2017,23:00:00
543,14/07/2017,Run,45,05/12/2017,23:00:00
544,15/07/2017,Run,24,05/12/2017,23:00:00
545,16/07/2017,Run,6,05/12/2017,23:00:00
546,21/07/2017,Gym,1,05/12/2017,23:00:00
547,21/07/2017,Yoga,1,05/12/2017,23:00:00
548,23/07/2017,Run,36,05/12/2017,23:00:00
549,26/07/2017,Run,10,05/12/2017,23:00:00
550,27/07/2017,Yoga,1,05/12/2017,23:00:00
551,31/07/2017,Run,42,05/12/2017,23:00:00
552,03/08/2017,Run,6,05/12/2017,23:00:00
553,04/08/2017,Yoga,1,05/12/2017,23:00:00
554,05/08/2017,Run,10,05/12/2017,23:00:00
555,07/08/2017,Run,6,05/12/2017,23:00:00
556,10/08/2017,Run,5,05/12/2017,23:00:00
557,12/08/2017,Run,104,05/12/2017,23:00:00
558,20/08/2017,Cycle,10,05/12/2017,23:00:00
559,23/08/2017,Run,5,05/12/2017,23:00:00
560,24/08/2017,Gym,1,05/12/2017,23:00:00
561,25/08/2017,Cycle,30,05/12/2017,23:00:00
562,26/08/2017,Run,10,05/12/2017,23:00:00
563,28/08/2017,Run,11,05/12/2017,23:00:00
564,29/08/2017,Gym,1,05/12/2017,23:00:00
565,30/08/2017,Run,5,05/12/2017,23:00:00
566,31/08/2017,Spin,1,05/12/2017,23:00:00
567,01/09/2017,Yoga,1,05/12/2017,23:00:00
568,02/09/2017,Gym,1,05/12/2017,23:00:00
569,03/09/2017,Run,14,05/12/2017,23:00:00
570,04/09/2017,Run,9,05/12/2017,23:00:00
571,06/09/2017,Gym,1,05/12/2017,23:00:00
572,08/09/2017,Gym,1,05/12/2017,23:00:00
573,09/09/2017,Run,18,05/12/2017,23:00:00
574,10/09/2017,Run,24,05/12/2017,23:00:00
575,14/09/2017,Gym,1,05/12/2017,23:00:00
576,15/09/2017,Run,9,05/12/2017,23:00:00
577,16/09/2017,Run,18,05/12/2017,23:00:00
578,17/09/2017,Run,24,05/12/2017,23:00:00
579,19/09/2017,Run,5,05/12/2017,23:00:00
580,23/09/2017,Run,39,05/12/2017,23:00:00
581,27/09/2017,Run,8,05/12/2017,23:00:00
582,29/09/2017,Run,5,05/12/2017,23:00:00
583,30/09/2017,Cycle,102,05/12/2017,23:00:00
584,01/10/2017,Run,21,05/12/2017,23:00:00
585,03/10/2017,Run,5,05/12/2017,23:00:00
586,06/10/2017,Run,8,05/12/2017,23:00:00
587,07/10/2017,Run,5,05/12/2017,23:00:00
588,08/10/2017,Run,42,05/12/2017,23:00:00
589,09/10/2017,Run,5,05/12/2017,23:00:00
590,10/10/2017,Run,5,05/12/2017,23:00:00
591,11/10/2017,Run,5,05/12/2017,23:00:00
592,12/10/2017,Gym,1,05/12/2017,23:00:00
593,12/10/2017,Run,5,05/12/2017,23:00:00
594,13/10/2017,Run,5,05/12/2017,23:00:00
595,14/10/2017,Run,5,05/12/2017,23:00:00
596,16/10/2017,Gym,1,05/12/2017,23:00:00
597,17/10/2017,Run,8,05/12/2017,23:00:00
598,18/10/2017,Gym,1,05/12/2017,23:00:00
599,19/10/2017,Run,8,05/12/2017,23:00:00
600,20/10/2017,Gym,1,05/12/2017,23:00:00
601,21/10/2017,Spin,1,05/12/2017,23:00:00
602,22/10/2017,Run,10,05/12/2017,23:00:00
603,23/10/2017,Gym,1,05/12/2017,23:00:00
604,24/10/2017,Run,6,05/12/2017,23:00:00
605,25/10/2017,Gym,1,05/12/2017,23:00:00
606,27/10/2017,Gym,1,05/12/2017,23:00:00
607,29/10/2017,Run,12,05/12/2017,23:00:00
608,31/10/2017,Gym,1,05/12/2017,23:00:00
609,03/11/2017,Gym,1,05/12/2017,23:00:00
610,04/11/2017,Run,22,05/12/2017,23:00:00
611,05/11/2017,Gym,1,05/12/2017,23:00:00
612,07/11/2017,Gym,1,05/12/2017,23:00:00
613,08/11/2017,Run,5,05/12/2017,23:00:00
614,10/11/2017,Gym,1,05/12/2017,23:00:00
615,11/11/2017,Run,10,05/12/2017,23:00:00
616,12/11/2017,Run,5,05/12/2017,23:00:00
617,16/11/2017,Gym,1,05/12/2017,23:00:00
618,17/11/2017,Yoga,1,05/12/2017,23:00:00
619,18/11/2017,Run,5,05/12/2017,23:00:00
620,19/11/2017,Run,5,05/12/2017,23:00:00
621,22/11/2017,Run,5,05/12/2017,23:00:00
622,25/11/2017,Run,76,05/12/2017,23:00:00
623,29/11/2017,Run,5,05/12/2017,23:00:00
624,30/11/2017,Gym,1,05/12/2017,23:00:00
625,01/12/2017,Run,9,05/12/2017,23:00:00
626,04/12/2017,Gym,1,05/12/2017,23:00:00
627,1/25/2017,Climb,1,05/12/2017,23:00:00
